"ID_Cliente","Edad","Ingreso_Mensual","Género","Satisfacción","Estado_Civil"
1,48,45583,"M",5,"Divorciado"
2,32,49105,"M",2,"Divorciado"
3,31,25427,"M",2,"Casado"
4,20,71221,"M",3,"Casado"
5,59,60229,"M",5,"Divorciado"
6,60,86205,"M",6,"Casado"
7,54,21103,"M",10,"Divorciado"
8,31,95958,"F",3,"Divorciado"
9,42,77816,"F",3,"Casado"
10,43,42482,"M",1,"Divorciado"
11,44,34148,"M",8,"Divorciado"
12,22,37918,"M",1,"Soltero"
13,44,93830,"M",4,"Divorciado"
14,45,32049,"M",8,"Soltero"
15,26,46285,"M",10,"Casado"
16,46,29394,"F",10,"Soltero"
17,52,51418,"M",8,"Divorciado"
18,25,43950,"F",7,"Divorciado"
19,43,87905,"M",2,"Casado"
20,24,64846,"F",1,"Casado"
21,59,88503,"F",4,"Soltero"
22,26,69594,"F",9,"Casado"
23,36,31662,"F",5,"Divorciado"
24,53,80520,"F",8,"Divorciado"
25,31,86181,"M",2,"Divorciado"
26,34,31383,"F",5,"Casado"
27,60,94397,"M",2,"Soltero"
28,56,16183,"M",6,"Casado"
29,29,19172,"M",10,"Divorciado"
30,32,73659,"M",10,"Casado"
31,49,93597,"M",9,"Divorciado"
32,59,58801,"M",7,"Divorciado"
33,62,23515,"M",6,"Soltero"
34,24,52736,"M",3,"Casado"
35,26,8463,"M",8,"Casado"
36,58,50761,"F",7,"Casado"
37,27,45524,"F",4,"Casado"
38,40,22095,"M",8,"Casado"
39,44,83495,"M",3,"Soltero"
40,24,80555,"M",8,"Soltero"
41,44,40836,"F",6,"Divorciado"
42,49,81788,"F",4,"Soltero"
43,55,90974,"M",7,"Divorciado"
44,42,31144,"F",10,"Divorciado"
45,51,87392,"M",8,"Casado"
46,46,39804,"F",4,"Divorciado"
47,22,16014,"M",10,"Casado"
48,25,35905,"F",9,"Soltero"
49,29,65667,"M",6,"Soltero"
50,30,38845,"M",3,"Casado"
51,35,27041,"M",4,"Soltero"
52,50,6312,"F",9,"Divorciado"
53,44,62084,"F",9,"Casado"
54,42,9722,"M",4,"Casado"
55,55,9874,"F",4,"Divorciado"
56,38,54715,"F",6,"Soltero"
57,32,96526,"F",5,"Soltero"
58,58,8798,"F",1,"Casado"
59,64,74791,"F",8,"Divorciado"
60,43,74116,"F",7,"Soltero"
61,48,90048,"M",5,"Soltero"
62,33,9712,"F",6,"Divorciado"
63,47,54430,"F",3,"Divorciado"
64,23,77026,"F",8,"Casado"
65,60,56417,"M",10,"Soltero"
66,25,15265,"F",5,"Divorciado"
67,39,34652,"F",7,"Divorciado"
68,39,30531,"M",4,"Divorciado"
69,56,51745,"F",9,"Soltero"
70,48,28251,"F",3,"Divorciado"
71,65,93734,"M",10,"Divorciado"
72,34,60952,"F",7,"Soltero"
73,51,80172,"M",2,"Casado"
74,21,11803,"M",9,"Soltero"
75,30,70496,"F",6,"Casado"
76,22,92712,"F",4,"Casado"
77,42,25596,"M",6,"Soltero"
78,39,50703,"F",2,"Divorciado"
79,42,47200,"M",2,"Soltero"
80,49,32180,"M",8,"Casado"
81,63,36877,"M",8,"Casado"
82,42,69444,"F",5,"Soltero"
83,40,20023,"F",9,"Casado"
84,52,13948,"M",7,"Soltero"
85,57,38755,"M",3,"Soltero"
86,65,45756,"M",7,"Casado"
87,47,26190,"M",8,"Casado"
88,29,79961,"F",10,"Casado"
89,48,63768,"M",5,"Casado"
90,63,28809,"F",1,"Divorciado"
91,47,17673,"F",7,"Soltero"
92,52,31647,"F",6,"Soltero"
93,31,32646,"F",8,"Soltero"
94,46,61785,"M",4,"Soltero"
95,49,55763,"F",6,"Divorciado"
96,24,25236,"F",1,"Casado"
97,20,94961,"M",3,"Soltero"
98,40,82679,"F",4,"Soltero"
99,32,76759,"F",1,"Divorciado"
100,38,69035,"M",5,"Divorciado"
