ID,Fecha,Sucursal,Producto,Cantidad,Precio,Cliente
1,2025-01-01,Sucursal A,Producto 1,2,20.00,Juan Perez
2,2025-01-01,Sucursal B,Producto 2,1,15.00,Maria Lopez
3,2025-01-01,Sucursal A,Producto 1,2,,Juan Perez
4,2025-01-01,Sucursal A,Producto 3,1,30.00,Pedro Garcia
5,2025-01-01,Sucursal B,Producto 2,1,15.00,Maria Lopez
6,2025-01-01,Sucursal C,Producto 4,5,50.00,Luis
7,2025-01-01,Sucursal A,Producto 1,2,20.00,Juan Perez
8,2025-01-01,Sucursal B,Producto 2,1,15.00,Maria Lopez
9,2025-01-01,Sucursal A,Producto 5,3,30.00,Pedro Garcia
10,2025-01-01,Sucursal C,Producto 4,5,50.00,Luis
11,2025-01-01,Sucursal A,Producto 1,2,20.00,Juan Perez
12,2025-01-01,Sucursal B,Producto 2,1,15.00,Maria Lopez
13,2025-01-01,Sucursal A,Producto 1,2,20.00,Juan Peréz
